class	n	total	percentage
DNA/DTC	30	13550	5.311514650333387e-4
DNA/DTH	18	4024	1.5773826533536199e-4
DNA/DTM	468	185381	0.0072668184309479964
DNA/DTT	61	11651	4.5671186118844494e-4
DNA/Helitron	213	87224	0.003419125858750401
LINE/unknown	667	775817	0.030411537723082634
LTR/Copia	195	76400	0.0029948318766455408
LTR/Gypsy	605	388046	0.015211158774931878
LTR/unknown	2170	938342	0.03678241535072421
MITE/DTM	31	8728	3.421321023476738e-4
Unknown	3545	802905	0.031473370260707956
