class	n	total	percentage
DNA/DTC	1239	608627	0.046288885197705465
DNA/DTH	13	3389	2.5774905144698446e-4
DNA/DTM	43	50219	0.0038193861359150524
DNA/Helitron	158	133688	0.010167587840024922
LTR/Copia	71	63996	0.004867190409088586
LTR/Gypsy	2923	3638134	0.2766968390489889
LTR/unknown	2080	2328507	0.17709367675941678
MITE/DTC	12	3496	2.658868940273407e-4
TIR/Tc1_Mariner	25	4995	3.79892744755883e-4
Unknown	1385	476053	0.036206022186040514
