class	n	total	percentage
DNA/DTC	25	14364	5.92086177145556e-4
DNA/DTH	18	4190	1.7271241174045387e-4
DNA/DTM	18	4680	1.9291028328050696e-4
DNA/DTT	58	11948	4.924983044092943e-4
DNA/Helitron	228	154086	0.006351447416572692
LINE/unknown	341	604637	0.0249232254170675
LTR/Copia	4	439	1.8095644094047556e-5
LTR/Gypsy	137	310688	0.012806604720481656
LTR/unknown	2340	1246292	0.051372338198767006
MITE/DTC	1	423	1.7436121758045822e-5
Unknown	2575	825111	0.03401119588629538
