class	n	total	percentage
DNA/DTC	12	7452	3.2086961003534775e-4
DNA/DTM	11	8420	3.625499351177708e-4
DNA/Helitron	87	97582	0.0042017040105299655
LINE/unknown	44	60966	0.0026250854328254175
LTR/Gypsy	382	803287	0.03458808191578964
LTR/unknown	410	669553	0.028829738326354964
Low_complexity	1655	84111	0.003621667172528601
MITE/DTC	7	2250	9.688092090439244e-5
Simple_repeat	8557	338054	0.01455599237129488
Unknown	1831	860919	0.03706961135292828
