class	n	total	percentage
DNA/DTC	12	12313	4.239594048454225e-4
DNA/DTH	14	6384	2.1981294895908205e-4
DNA/DTM	8	8125	2.797588048703856e-4
DNA/DTT	6	3077	1.0594681139522171e-4
DNA/Helitron	162	143450	0.004939249299526992
LTR/Gypsy	211	342468	0.011791807801397072
LTR/unknown	2460	1002766	0.03452709141226549
Low_complexity	1729	88691	0.0030537954661857686
MITE/DTH	8	1848	6.363006417236585e-5
Simple_repeat	9511	357121	0.012296337742045166
Unknown	3528	1376286	0.04738807711013458
