class	n	total	percentage
DNA/Helitron	35	6161	2.2397050816258171e-4
LTR/Copia	29	2941	1.0691401793639877e-4
LTR/Gypsy	63	15134	5.501655040630599e-4
LTR/TRIM	1	79	2.8718828347417554e-6
LTR/unknown	156	72020	0.002618139262760775
Low_complexity	1618	80530	0.00292750284407283
MITE/DTM	23	3180	1.1560237233517446e-4
Simple_repeat	8127	313104	0.011382253203658007
Unknown	2252	510586	0.018561305937461442
