class	n	total	percentage
DNA/DTC	13	10001	4.428416949204627e-4
DNA/DTH	9	4086	1.8092702384211686e-4
DNA/DTM	8	5745	2.543871150203038e-4
DNA/Helitron	1	4170	1.8464652212962e-4
LTR/Copia	20	1261	5.583675405406494e-5
LTR/Gypsy	72	14267	6.317390722358007e-4
LTR/unknown	117	39568	0.001752060812380049
Low_complexity	1067	53852	0.0023845526402216538
Simple_repeat	4772	177113	0.007842517859458846
Unknown	870	260321	0.01152694659167981
