class	n	total	percentage
DNA/DTC	42	17842	7.481787935132622e-4
DNA/DTM	57	19413	8.140564352916129e-4
DNA/Helitron	211	44018	0.0018458319769569988
LTR/Copia	49	12444	5.218213712856761e-4
LTR/unknown	512	377360	0.015824052769878076
Low_complexity	1767	89695	0.003761231750037667
MITE/DTC	9	2593	1.0873375247056882e-4
MITE/DTM	10	4066	1.7050190418254254e-4
Simple_repeat	8701	339204	0.014224035392605795
Unknown	2152	678375	0.028446686977332096
