class	n	total	percentage
DNA/DTM	1	1736	6.939656885135007e-5
DNA/Helitron	3	4729	1.8904169014863738e-4
LTR/Copia	23	1525	6.096184763727469e-5
LTR/Gypsy	43	6417	2.565194598612404e-4
LTR/TRIM	1	79	3.158023582521115e-6
LTR/unknown	129	67973	0.0027172194553760475
Low_complexity	1560	78556	0.003140274690487705
Simple_repeat	8048	310267	0.012402917757950365
Unknown	1140	210434	0.008412095374230991
