class	n	total	percentage
DNA/DTC	8	7218	2.592948566540941e-4
DNA/DTM	31	7044	2.5304419094921565e-4
DNA/DTT	2	2771	9.95436475184947e-5
LTR/Copia	5	344	1.235763794527686e-5
LTR/Gypsy	49	9924	3.565034853747894e-4
LTR/unknown	259	392866	0.014113069154096332
Low_complexity	1972	97757	0.0035117605017919475
MITE/DTC	3	615	2.2092870163794384e-5
MITE/DTM	1	86	3.089409486319215e-6
MITE/DTT	1	123	4.4185740327588765e-6
Simple_repeat	10407	407315	0.014632125871164081
Unknown	156	78295	0.002812619950364685
