class	n	total	percentage
DNA/DTC	7	4149	1.8478086210047874e-4
DNA/DTM	38	9025	4.019395710910631e-4
LINE/unknown	36	53257	0.0023718665637226313
LTR/Copia	3	1668	7.428644926093e-5
LTR/Gypsy	75	91612	0.004080054070558944
LTR/unknown	1758	3496837	0.15573597384546922
Low_complexity	1428	71810	0.003198147434908503
MITE/DTM	16	2683	1.1949073343349831e-4
Simple_repeat	7347	289853	0.012908962936228023
Unknown	1545	1021320	0.045485753212933466
