class	n	total	percentage
DNA/DTC	6	4568	1.7114195254609808e-4
DNA/Helitron	2	4602	1.7241577618588952e-4
LINE/unknown	58	39979	0.0014978292733888912
LTR/Copia	23	2370	8.8793000773698e-5
LTR/Gypsy	101	24104	9.03066029809796e-4
LTR/TRIM	1	79	2.9597666924565998e-6
LTR/unknown	587	345567	0.012946806286229745
Low_complexity	1758	87312	0.0032711791069844386
MITE/DTM	60	11828	4.431407650427426e-4
Simple_repeat	8805	339515	0.012720065678346867
Unknown	1732	400312	0.014997849673299828
