class	Histoplasma capsulatum SECH_100-Nam2_G186A
DNA/DTC	1.0531784657034739e-4
DNA/DTM	0.0036844590192499755
DNA/Helitron	0.0013590102172404803
LINE/unknown	0.003325583972724984
LTR/Gypsy	0.05293445373413906
LTR/unknown	0.0369845655542736
Low_complexity	0.0038059204773384053
MITE/DTC	1.640626551500363e-4
Simple_repeat	0.014729443961488517
TIR/Tc1_Mariner	4.771974690404609e-4
Unknown	0.051920609306023296
