class	n	total	percentage
DNA/DTC	38	5355	2.885438707651068e-4
DNA/DTM	25	11136	6.000419318095666e-4
DNA/DTT	40	13405	7.223026307387968e-4
LTR/Copia	48	10677	5.753096000297004e-4
LTR/unknown	321	188907	0.010178890195074515
Low_complexity	1474	74930	0.0040374588676805705
MITE/DTC	2	733	3.949629454170369e-5
MITE/DTM	1	306	1.6488221186577533e-5
Simple_repeat	7501	291535	0.015708802495519217
Unknown	774	169982	0.009159152986068045
