class	n	total	percentage
DNA/DTC	12	12313	5.565759976205506e-4
DNA/DTH	14	6384	2.8857152349627183e-4
DNA/DTM	8	8125	3.6726873878559034e-4
DNA/DTT	6	3077	1.3908749652224756e-4
DNA/Helitron	162	143450	0.006484270840466822
LTR/Gypsy	211	342468	0.015480343438082899
LTR/unknown	2460	1002766	0.045327335891331845
Low_complexity	1729	88691	0.004009037749124035
MITE/DTH	8	1848	8.353386206471027e-5
Simple_repeat	9511	357121	0.016142692832473698
Unknown	3528	1376286	0.06221130134501723
