class	n	total	percentage
DNAauto/Helitron	4	250	9.63532789117167e-6
DNAnona/Helitron	12	659	2.539872432112852e-5
LTR/Copia	22	1491	5.7465095542947834e-5
LTR/Gypsy	20	1221	4.705894142048243e-5
LTR/unknown	180	68658	0.0026461693694082578
Low_complexity	1721	85679	0.0033021810335507897
Simple_repeat	8820	342310	0.013193076361707896
Unknown	2216	480203	0.018507653437297236
