class	n	total	percentage
DNA/DTM	4	3728	1.903431778232634e-4
DNA/Helitron	253	49088	0.0025063213285912967
LINE/unknown	542	247398	0.012631577657489195
LTR/Copia	123	88782	0.004533006441390818
LTR/Gypsy	596	1237871	0.06320287013821375
LTR/unknown	2554	2773325	0.1415996495806604
Low_complexity	1194	60252	0.003076329707673623
MITE/DTC	1	329	1.6797989673780487e-5
MITE/DTM	219	65429	0.003340655520868643
Simple_repeat	6241	241866	0.012349126353916691
Unknown	2059	1287150	0.06571894349120533
