class	n	total	percentage
DNA/DTC	3	1644	1.0531784657034739e-4
DNA/DTM	410	57514	0.0036844590192499755
DNA/Helitron	134	21214	0.0013590102172404803
LINE/unknown	86	51912	0.003325583972724984
LTR/Gypsy	369	826301	0.05293445373413906
LTR/unknown	347	577325	0.0369845655542736
Low_complexity	1142	59410	0.0038059204773384053
MITE/DTC	7	2561	1.640626551500363e-4
Simple_repeat	5822	229925	0.014729443961488517
TIR/Tc1_Mariner	18	7449	4.771974690404609e-4
Unknown	1228	810475	0.051920609306023296
