class	n	total	percentage
DNA/DTC	624	743777	0.03136963919708279
DNA/DTM	406	188986	0.007970699058050854
DNA/Helitron	183	29696	0.001252462506364906
LINE/unknown	54	74580	0.00314549615182835
LTR/Gypsy	703	2145642	0.09049488675517947
LTR/unknown	531	810004	0.03416283809286097
Low_complexity	1454	73234	0.0030887270740546716
MITE/DTM	15	2175	9.173309372789839e-5
Simple_repeat	8253	332498	0.014023480550960348
Unknown	3649	1755451	0.07403813844493469
