class	n	total	percentage
DNA/DTC	15	12143	5.350579740139752e-4
DNA/DTH	11	2306	1.0160946125967444e-4
DNA/DTM	692	522523	0.02302397247432301
DNA/Helitron	196	37132	0.0016361502669099007
LINE/unknown	44	20580	9.0681817550915e-4
LTR/unknown	1061	888759	0.03916145844739245
Low_complexity	1581	78552	0.0034612430185906097
MITE/DTC	19	5405	2.3816094453969658e-4
MITE/DTM	1	249	1.097170678823024e-5
Simple_repeat	8170	326981	0.014407789788443022
Unknown	2326	1594836	0.07027338541089945
